User ID,Gender,Age,EstimatedSalary,Purchased
15600000,Male,41,71570,1
15600001,Female,28,16015,1
15600002,Male,25,76813,0
15600003,Male,53,42712,1
15600004,Male,55,115497,1
15600005,Female,57,127816,1
15600006,Male,37,143778,1
15600007,Male,52,77292,1
15600008,Male,42,38833,0
15600009,Female,52,35309,0
15600010,Male,42,21970,0
15600011,Male,46,87474,1
15600012,Male,35,61540,0
15600013,Male,35,33017,1
15600014,Female,19,90880,0
15600015,Male,52,120570,1
15600016,Female,33,23702,1
15600017,Female,58,146456,1
15600018,Female,53,15404,1
15600019,Male,50,27763,1
15600020,Female,21,113142,1
15600021,Male,50,95642,1
15600022,Female,31,65612,1
15600023,Female,38,38574,0
15600024,Female,37,38524,0
15600025,Female,25,25916,0
15600026,Female,24,19809,0
15600027,Female,20,136288,0
15600028,Female,34,53765,0
15600029,Female,50,60106,1
15600030,Male,29,68932,0
15600031,Male,39,72091,1
15600032,Female,39,36949,1
15600033,Female,47,52744,1
15600034,Female,55,123319,1
15600035,Male,55,107193,0
15600036,Female,25,51187,0
15600037,Male,44,139454,1
15600038,Male,44,29489,0
15600039,Male,51,76877,1
15600040,Male,38,64922,0
15600041,Male,47,109074,1
15600042,Female,50,52131,1
15600043,Female,45,130765,1
15600044,Female,50,88963,1
15600045,Female,22,121884,0
15600046,Female,36,140917,1
15600047,Male,21,39285,0
15600048,Female,52,52626,1
15600049,Female,34,34198,0
15600050,Male,45,30254,0
15600051,Female,47,59238,1
15600052,Male,46,16252,1
15600053,Female,23,54764,0
15600054,Male,52,92709,1
15600055,Female,58,68682,1
15600056,Female,54,74494,1
15600057,Male,41,96317,1
15600058,Male,46,80215,1
15600059,Male,48,93587,1
15600060,Male,52,21949,1
15600061,Male,50,70393,1
15600062,Male,38,40934,1
15600063,Male,49,90745,1
15600064,Male,40,109456,1
15600065,Female,50,68413,0
15600066,Female,20,112239,0
15600067,Male,35,57318,0
15600068,Female,42,85390,1
15600069,Female,59,58088,1
15600070,Female,48,118196,1
15600071,Female,20,70479,0
15600072,Male,57,34963,1
15600073,Female,41,70123,1
15600074,Male,49,140911,1
15600075,Female,39,117468,1
15600076,Female,40,88477,1
15600077,Female,19,29388,0
15600078,Male,44,20569,1
15600079,Female,59,84836,1
15600080,Male,19,119573,1
15600081,Female,43,60002,1
15600082,Male,34,39071,1
15600083,Female,57,73243,1
15600084,Male,50,140827,1
15600085,Male,26,123215,1
15600086,Female,60,116570,1
15600087,Male,56,84724,1
15600088,Female,46,130359,1
15600089,Female,59,90697,1
15600090,Female,43,43732,0
15600091,Female,52,136465,1
15600092,Female,42,72108,1
15600093,Female,41,126195,1
15600094,Female,30,118081,0
15600095,Female,24,51668,1
15600096,Female,53,38061,1
15600097,Female,37,94252,1
15600098,Female,18,54749,0
15600099,Male,25,145560,0
15600100,Male,33,119680,1
15600101,Female,31,66745,1
15600102,Female,29,123464,0
15600103,Female,40,106865,1
15600104,Female,32,127428,0
15600105,Female,45,38624,1
15600106,Female,51,38321,1
15600107,Female,19,37574,0
15600108,Female,49,133831,1
15600109,Male,40,110257,1
15600110,Female,39,79291,1
15600111,Male,42,142600,1
15600112,Female,39,65428,1
15600113,Female,39,146374,1
15600114,Male,59,146127,1
15600115,Female,23,126317,1
15600116,Male,32,142449,0
15600117,Female,60,43699,1
15600118,Female,54,88686,1
15600119,Male,50,82661,1
15600120,Female,25,59247,0
15600121,Male,22,120113,0
15600122,Female,56,19621,1
15600123,Male,21,33030,0
15600124,Male,23,97838,0
15600125,Female,49,99717,1
15600126,Female,47,53638,1
15600127,Male,52,82067,1
15600128,Female,57,133033,1
15600129,Female,33,120977,0
15600130,Female,30,103869,0
15600131,Male,59,120186,1
15600132,Male,47,49674,1
15600133,Male,36,61271,0
15600134,Male,34,88688,1
15600135,Male,36,126076,1
15600136,Male,45,16062,0
15600137,Male,43,65448,1
15600138,Male,54,110462,1
15600139,Male,43,62915,1
15600140,Female,40,19632,0
15600141,Male,26,119592,0
15600142,Female,29,149668,0
15600143,Female,18,124779,0
15600144,Female,18,123099,0
15600145,Male,51,22561,0
15600146,Male,49,97152,1
15600147,Male,42,140036,1
15600148,Male,57,139049,1
15600149,Female,18,41734,0
15600150,Male,33,41069,1
15600151,Male,56,27910,1
15600152,Male,22,88479,1
15600153,Male,39,96264,1
15600154,Male,46,38275,1
15600155,Female,20,87274,0
15600156,Male,29,115776,1
15600157,Female,43,63447,1
15600158,Male,33,141394,1
15600159,Female,54,90703,1
15600160,Male,39,91090,1
15600161,Male,46,32260,1
15600162,Female,31,127581,0
15600163,Female,45,18812,1
15600164,Female,22,131148,1
15600165,Male,47,131421,1
15600166,Female,22,16605,0
15600167,Male,29,87303,1
15600168,Male,33,91125,0
15600169,Female,43,139040,1
15600170,Female,43,19324,0
15600171,Male,38,91323,0
15600172,Male,56,24111,0
15600173,Female,53,31389,1
15600174,Female,50,137177,1
15600175,Female,47,56427,1
15600176,Male,54,137883,1
15600177,Male,40,146189,1
15600178,Male,27,140808,0
15600179,Male,22,127221,0
15600180,Male,53,28234,1
15600181,Male,51,68441,1
15600182,Female,48,15846,1
15600183,Male,27,25954,0
15600184,Male,36,94239,1
15600185,Male,49,61514,1
15600186,Female,18,103236,0
15600187,Male,22,112579,1
15600188,Male,21,57101,0
15600189,Female,33,79323,1
15600190,Male,41,106922,1
15600191,Male,33,142534,1
15600192,Male,19,82584,0
15600193,Male,45,119537,1
15600194,Male,49,93477,1
15600195,Female,44,57533,1
15600196,Female,37,16828,1
15600197,Female,41,16917,0
15600198,Male,29,35618,0
15600199,Male,52,47254,1
15600200,Male,50,120292,1
15600201,Female,50,62362,0
15600202,Male,60,35128,0
15600203,Male,54,138781,1
15600204,Female,29,80545,0
15600205,Male,20,97180,1
15600206,Female,18,102958,0
15600207,Female,50,148291,1
15600208,Female,57,54809,0
15600209,Male,27,131748,0
15600210,Male,60,20287,1
15600211,Male,46,23512,1
15600212,Male,30,147414,1
15600213,Male,29,123872,1
15600214,Male,48,108070,1
15600215,Male,19,94767,1
15600216,Female,52,112829,1
15600217,Male,40,57078,1
15600218,Female,34,121288,1
15600219,Male,43,98524,0
15600220,Male,25,27219,0
15600221,Male,46,15235,0
15600222,Female,43,57929,0
15600223,Female,27,142309,1
15600224,Female,43,82444,1
15600225,Female,51,116834,1
15600226,Male,58,99555,1
15600227,Female,24,88698,1
15600228,Male,21,139450,0
15600229,Male,28,58925,1
15600230,Female,46,102388,1
15600231,Female,53,23007,1
15600232,Female,42,73596,1
15600233,Female,38,136101,1
15600234,Female,53,103861,1
15600235,Female,27,101740,0
15600236,Female,54,30524,1
15600237,Female,26,146149,1
15600238,Male,41,140501,0
15600239,Female,52,35611,0
15600240,Female,52,29060,0
15600241,Male,53,58303,1
15600242,Female,35,54711,0
15600243,Male,56,88340,1
15600244,Male,49,117974,1
15600245,Female,41,82728,1
15600246,Male,40,26246,1
15600247,Male,49,142796,1
15600248,Male,54,107263,1
15600249,Male,29,26302,0
15600250,Female,30,82506,1
15600251,Male,40,56157,1
15600252,Female,42,69917,1
15600253,Male,52,111646,1
15600254,Male,58,98122,1
15600255,Male,47,39519,1
15600256,Male,34,95910,1
15600257,Female,37,135430,1
15600258,Female,42,86324,0
15600259,Male,39,20408,1
15600260,Male,30,74379,0
15600261,Female,36,40053,0
15600262,Male,53,146994,1
15600263,Male,29,113723,0
15600264,Male,58,66356,1
15600265,Female,36,25789,0
15600266,Female,29,112720,0
15600267,Female,26,81656,0
15600268,Male,24,59028,0
15600269,Male,45,79484,0
15600270,Female,31,47154,0
15600271,Female,48,17336,1
15600272,Female,36,118677,1
15600273,Female,33,82779,0
15600274,Male,22,34029,1
15600275,Female,52,74201,1
15600276,Male,29,47265,0
15600277,Female,42,117916,1
15600278,Male,38,61197,0
15600279,Female,53,140733,1
15600280,Female,40,86907,1
15600281,Female,33,143876,0
15600282,Female,56,79435,1
15600283,Male,59,55631,1
15600284,Female,56,144038,1
15600285,Male,31,35103,0
15600286,Male,48,79772,1
15600287,Male,22,141108,1
15600288,Male,52,29382,1
15600289,Female,40,99291,0
15600290,Male,46,116195,1
15600291,Male,60,149828,1
15600292,Male,28,35609,0
15600293,Female,35,90683,1
15600294,Female,29,139714,0
15600295,Female,26,145330,1
15600296,Female,27,86315,0
15600297,Male,34,92834,1
15600298,Male,55,141205,1
15600299,Female,24,29153,0
15600300,Male,30,91325,0
15600301,Male,57,70318,1
15600302,Male,59,146886,1
15600303,Female,26,130033,0
15600304,Female,44,91077,1
15600305,Male,19,105474,1
15600306,Female,22,148515,1
15600307,Female,46,88319,1
15600308,Female,54,140885,1
15600309,Female,55,124777,1
15600310,Female,36,32368,1
15600311,Male,25,106751,0
15600312,Female,18,42306,1
15600313,Male,39,52219,0
15600314,Male,34,75279,0
15600315,Female,24,68028,0
15600316,Male,42,119263,1
15600317,Male,21,15126,0
15600318,Male,53,67329,1
15600319,Female,23,42632,1
15600320,Female,48,124945,1
15600321,Male,36,70176,1
15600322,Female,56,149869,1
15600323,Female,44,49560,0
15600324,Female,27,91589,0
15600325,Female,43,37116,1
15600326,Male,36,147717,1
15600327,Male,56,139085,0
15600328,Female,20,132718,0
15600329,Female,30,34256,0
15600330,Male,45,115158,1
15600331,Male,37,134719,0
15600332,Female,45,83244,1
15600333,Male,25,71264,1
15600334,Female,58,72545,1
15600335,Female,56,54224,1
15600336,Male,18,112945,0
15600337,Male,20,28224,0
15600338,Female,30,55738,0
15600339,Female,45,78731,1
15600340,Male,42,23070,1
15600341,Female,50,141161,0
15600342,Male,55,23666,1
15600343,Female,23,72761,0
15600344,Male,49,51368,1
15600345,Male,38,56914,1
15600346,Male,33,142738,0
15600347,Female,38,82526,1
15600348,Female,28,34956,0
15600349,Male,54,61240,1
15600350,Female,53,136008,1
15600351,Male,52,109270,1
15600352,Male,36,19757,0
15600353,Female,37,34097,1
15600354,Female,35,118892,0
15600355,Male,58,85480,1
15600356,Female,31,61163,0
15600357,Female,32,34816,1
15600358,Male,48,67853,0
15600359,Male,18,111731,0
15600360,Female,20,77823,0
15600361,Male,33,16759,0
15600362,Male,40,107374,1
15600363,Female,28,148554,0
15600364,Male,29,39442,1
15600365,Male,27,108501,1
15600366,Female,49,17079,0
15600367,Female,33,148789,1
15600368,Male,25,74676,0
15600369,Male,55,105397,1
15600370,Female,29,87847,1
15600371,Female,41,108607,1
15600372,Female,45,79077,1
15600373,Female,25,53258,0
15600374,Male,45,134771,1
15600375,Female,53,53000,1
15600376,Female,43,41737,1
15600377,Male,25,26485,0
15600378,Female,45,53565,1
15600379,Male,45,134614,1
15600380,Female,54,80155,1
15600381,Female,58,67487,1
15600382,Female,53,144948,1
15600383,Male,44,27342,1
15600384,Male,34,55806,1
15600385,Female,26,63770,0
15600386,Male,50,93623,1
15600387,Male,37,118177,1
15600388,Male,30,146026,0
15600389,Male,45,90629,0
15600390,Male,46,135993,1
15600391,Male,30,141944,1
15600392,Female,52,120947,1
15600393,Female,23,41399,1
15600394,Male,35,143177,1
15600395,Female,22,124575,0
15600396,Female,42,125904,1
15600397,Female,19,45678,0
15600398,Female,27,91218,0
15600399,Male,47,78230,1
